[{"model": "admin.logentry", "pk": 1, "fields": {"action_time": "2021-05-31T14:16:43.113Z", "user": 1, "content_type": 7, "object_id": "1", "object_repr": "mphphotographyanddesign.com", "action_flag": 2, "change_message": "[{\"changed\": {\"fields\": [\"Domain name\", \"Display name\"]}}]"}}, {"model": "admin.logentry", "pk": 2, "fields": {"action_time": "2021-05-31T14:17:06.693Z", "user": 1, "content_type": 7, "object_id": "1", "object_repr": "mphphotographyanddesign.com", "action_flag": 2, "change_message": "[{\"changed\": {\"fields\": [\"Display name\"]}}]"}}, {"model": "admin.logentry", "pk": 3, "fields": {"action_time": "2021-05-31T14:27:31.380Z", "user": 1, "content_type": 8, "object_id": "2", "object_repr": "michael.hann@someemail.com", "action_flag": 1, "change_message": "[{\"added\": {}}]"}}, {"model": "admin.logentry", "pk": 4, "fields": {"action_time": "2021-06-06T12:24:31.686Z", "user": 1, "content_type": 13, "object_id": "1", "object_repr": "Landscape", "action_flag": 1, "change_message": "[{\"added\": {}}]"}}, {"model": "admin.logentry", "pk": 5, "fields": {"action_time": "2021-06-06T12:24:57.872Z", "user": 1, "content_type": 14, "object_id": "1", "object_repr": "Mournes", "action_flag": 1, "change_message": "[{\"added\": {}}]"}}, {"model": "admin.logentry", "pk": 6, "fields": {"action_time": "2021-06-07T11:12:15.899Z", "user": 1, "content_type": 14, "object_id": "1", "object_repr": "Mournes", "action_flag": 2, "change_message": "[{\"changed\": {\"fields\": [\"Image\"]}}]"}}, {"model": "admin.logentry", "pk": 7, "fields": {"action_time": "2021-06-07T11:32:51.474Z", "user": 1, "content_type": 14, "object_id": "2", "object_repr": "North Coast", "action_flag": 1, "change_message": "[{\"added\": {}}]"}}, {"model": "admin.logentry", "pk": 8, "fields": {"action_time": "2021-06-07T12:23:14.531Z", "user": 1, "content_type": 14, "object_id": "1", "object_repr": "Mournes", "action_flag": 2, "change_message": "[{\"changed\": {\"fields\": [\"Descriptive name\"]}}]"}}, {"model": "admin.logentry", "pk": 9, "fields": {"action_time": "2021-06-07T12:23:29.635Z", "user": 1, "content_type": 14, "object_id": "2", "object_repr": "North Coast", "action_flag": 2, "change_message": "[{\"changed\": {\"fields\": [\"Descriptive name\"]}}]"}}, {"model": "admin.logentry", "pk": 10, "fields": {"action_time": "2021-06-07T12:48:26.291Z", "user": 1, "content_type": 14, "object_id": "3", "object_repr": "Mournes", "action_flag": 1, "change_message": "[{\"added\": {}}]"}}, {"model": "admin.logentry", "pk": 11, "fields": {"action_time": "2021-06-07T12:48:50.108Z", "user": 1, "content_type": 14, "object_id": "4", "object_repr": "North Coast", "action_flag": 1, "change_message": "[{\"added\": {}}]"}}, {"model": "admin.logentry", "pk": 12, "fields": {"action_time": "2021-06-07T13:38:45.500Z", "user": 1, "content_type": 14, "object_id": "1", "object_repr": "Mournes", "action_flag": 2, "change_message": "[{\"changed\": {\"fields\": [\"Size\"]}}]"}}, {"model": "admin.logentry", "pk": 13, "fields": {"action_time": "2021-06-07T13:38:50.758Z", "user": 1, "content_type": 14, "object_id": "2", "object_repr": "North Coast", "action_flag": 2, "change_message": "[{\"changed\": {\"fields\": [\"Size\"]}}]"}}, {"model": "admin.logentry", "pk": 14, "fields": {"action_time": "2021-06-07T13:38:55.411Z", "user": 1, "content_type": 14, "object_id": "3", "object_repr": "Mournes", "action_flag": 2, "change_message": "[{\"changed\": {\"fields\": [\"Size\"]}}]"}}, {"model": "admin.logentry", "pk": 15, "fields": {"action_time": "2021-06-07T13:39:00.904Z", "user": 1, "content_type": 14, "object_id": "4", "object_repr": "North Coast", "action_flag": 2, "change_message": "[{\"changed\": {\"fields\": [\"Size\"]}}]"}}, {"model": "admin.logentry", "pk": 16, "fields": {"action_time": "2021-06-07T21:00:57.697Z", "user": 1, "content_type": 13, "object_id": "2", "object_repr": "Cityscape", "action_flag": 1, "change_message": "[{\"added\": {}}]"}}, {"model": "admin.logentry", "pk": 17, "fields": {"action_time": "2021-06-07T21:02:38.908Z", "user": 1, "content_type": 14, "object_id": "5", "object_repr": "New York", "action_flag": 1, "change_message": "[{\"added\": {}}]"}}, {"model": "admin.logentry", "pk": 18, "fields": {"action_time": "2021-06-07T22:08:03.369Z", "user": 1, "content_type": 13, "object_id": "2", "object_repr": "cityscape", "action_flag": 2, "change_message": "[{\"changed\": {\"fields\": [\"Name\"]}}]"}}, {"model": "admin.logentry", "pk": 19, "fields": {"action_time": "2021-06-07T22:08:08.379Z", "user": 1, "content_type": 13, "object_id": "1", "object_repr": "landscape", "action_flag": 2, "change_message": "[{\"changed\": {\"fields\": [\"Name\"]}}]"}}, {"model": "admin.logentry", "pk": 20, "fields": {"action_time": "2021-06-15T21:14:28.130Z", "user": 1, "content_type": 15, "object_id": "11", "object_repr": "3333D0B67071478EA5A865435B91C501", "action_flag": 3, "change_message": ""}}, {"model": "admin.logentry", "pk": 21, "fields": {"action_time": "2021-06-15T21:14:28.156Z", "user": 1, "content_type": 15, "object_id": "10", "object_repr": "8D4679BECA2F4806B9F8F7F458608823", "action_flag": 3, "change_message": ""}}, {"model": "admin.logentry", "pk": 22, "fields": {"action_time": "2021-06-15T21:14:28.178Z", "user": 1, "content_type": 15, "object_id": "9", "object_repr": "F6D2792434BA49579DFEC624A25227EC", "action_flag": 3, "change_message": ""}}, {"model": "admin.logentry", "pk": 23, "fields": {"action_time": "2021-06-15T21:14:28.199Z", "user": 1, "content_type": 15, "object_id": "8", "object_repr": "E9730AAEC24F4E7DA33DE4684142A980", "action_flag": 3, "change_message": ""}}, {"model": "admin.logentry", "pk": 24, "fields": {"action_time": "2021-06-15T21:14:28.220Z", "user": 1, "content_type": 15, "object_id": "7", "object_repr": "0A8BD08BDA2044FBA9F8565BA8D7BAFB", "action_flag": 3, "change_message": ""}}, {"model": "admin.logentry", "pk": 25, "fields": {"action_time": "2021-06-15T21:14:28.240Z", "user": 1, "content_type": 15, "object_id": "6", "object_repr": "8B8B1BC9897A46A59A9E4BCD0BF31218", "action_flag": 3, "change_message": ""}}, {"model": "admin.logentry", "pk": 26, "fields": {"action_time": "2021-06-15T21:14:28.261Z", "user": 1, "content_type": 15, "object_id": "5", "object_repr": "2E6545F084F94536BE01FBDDD380A3EC", "action_flag": 3, "change_message": ""}}, {"model": "admin.logentry", "pk": 27, "fields": {"action_time": "2021-06-15T21:14:28.282Z", "user": 1, "content_type": 15, "object_id": "4", "object_repr": "5032C16EC986486AB03C854434CD8049", "action_flag": 3, "change_message": ""}}, {"model": "admin.logentry", "pk": 28, "fields": {"action_time": "2021-06-15T21:14:28.303Z", "user": 1, "content_type": 15, "object_id": "3", "object_repr": "5AEFCC30DE58479E99C561362C35CB77", "action_flag": 3, "change_message": ""}}, {"model": "admin.logentry", "pk": 29, "fields": {"action_time": "2021-06-15T21:14:28.322Z", "user": 1, "content_type": 15, "object_id": "2", "object_repr": "6225DD1E30324C7F89E9B250B32EA439", "action_flag": 3, "change_message": ""}}, {"model": "admin.logentry", "pk": 30, "fields": {"action_time": "2021-06-15T21:14:28.342Z", "user": 1, "content_type": 15, "object_id": "1", "object_repr": "D01C88397DF34AC4B7165892DD07D7A1", "action_flag": 3, "change_message": ""}}, {"model": "admin.logentry", "pk": 31, "fields": {"action_time": "2021-06-15T21:20:24.603Z", "user": 1, "content_type": 15, "object_id": "12", "object_repr": "87D58293AF3C4BD1844A7E9765C70056", "action_flag": 2, "change_message": "[{\"changed\": {\"name\": \"order line item\", \"object\": \"SKU 2345 on order 87D58293AF3C4BD1844A7E9765C70056\", \"fields\": [\"Quantity\"]}}]"}}, {"model": "admin.logentry", "pk": 32, "fields": {"action_time": "2021-06-20T08:55:04.451Z", "user": 1, "content_type": 4, "object_id": "2", "object_repr": "tester", "action_flag": 2, "change_message": "[{\"changed\": {\"fields\": [\"First name\", \"Last name\"]}}]"}}, {"model": "admin.logentry", "pk": 33, "fields": {"action_time": "2021-06-20T08:55:46.534Z", "user": 1, "content_type": 4, "object_id": "1", "object_repr": "hannma", "action_flag": 2, "change_message": "[{\"changed\": {\"fields\": [\"First name\", \"Last name\"]}}]"}}, {"model": "admin.logentry", "pk": 34, "fields": {"action_time": "2021-06-20T13:06:08.542Z", "user": 1, "content_type": 14, "object_id": "10", "object_repr": "NYC", "action_flag": 3, "change_message": ""}}, {"model": "admin.logentry", "pk": 35, "fields": {"action_time": "2021-06-20T13:06:08.574Z", "user": 1, "content_type": 14, "object_id": "9", "object_repr": "Causeway Coast", "action_flag": 3, "change_message": ""}}, {"model": "admin.logentry", "pk": 36, "fields": {"action_time": "2021-06-20T13:06:08.600Z", "user": 1, "content_type": 14, "object_id": "8", "object_repr": "Causeway Coast", "action_flag": 3, "change_message": ""}}, {"model": "admin.logentry", "pk": 37, "fields": {"action_time": "2021-06-20T13:06:08.633Z", "user": 1, "content_type": 14, "object_id": "7", "object_repr": "Causeway Coast", "action_flag": 3, "change_message": ""}}, {"model": "admin.logentry", "pk": 38, "fields": {"action_time": "2021-06-20T13:06:08.660Z", "user": 1, "content_type": 14, "object_id": "6", "object_repr": "Causeway Coast", "action_flag": 3, "change_message": ""}}, {"model": "auth.user", "pk": 1, "fields": {"password": "pbkdf2_sha256$260000$Rbq6tywdcekdgMdntWIVjT$XPXCRoChLJ+uNcwesS+ZI0hhsGpj7lpBoTpjqSzvY/0=", "last_login": "2021-06-20T20:36:45.944Z", "is_superuser": true, "username": "hannma", "first_name": "Michael", "last_name": "Hann", "email": "michael.hann@live.co.uk", "is_staff": true, "is_active": true, "date_joined": "2021-05-31T13:52:29Z", "groups": [], "user_permissions": []}}, {"model": "auth.user", "pk": 2, "fields": {"password": "pbkdf2_sha256$260000$LBS83ShG6PBYrL8GSPK9rx$5H9qRMFB+TqrYTM4Qb31tlSGOsWOJdrCKBaeQSbpARA=", "last_login": "2021-06-17T20:34:00Z", "is_superuser": false, "username": "tester", "first_name": "Tee", "last_name": "Tester", "email": "test@test.com", "is_staff": false, "is_active": true, "date_joined": "2021-06-17T20:32:47Z", "groups": [], "user_permissions": []}}, {"model": "auth.user", "pk": 3, "fields": {"password": "pbkdf2_sha256$260000$aLop8dSxeJGIlM52Qohofp$d7fUTHMi33kN7Q7jSBHyWT+ntzo/MF+OkuMATwvE2O0=", "last_login": "2021-06-20T20:35:14.379Z", "is_superuser": false, "username": "Tester1", "first_name": "", "last_name": "", "email": "tester@test.com", "is_staff": false, "is_active": true, "date_joined": "2021-06-20T20:34:41.858Z", "groups": [], "user_permissions": []}}, {"model": "sessions.session", "pk": "809f6fxk8uo0lu7zj3pn9m8fkd3bwmhx", "fields": {"session_data": ".eJxljMEOgjAQBf9lz4QUamnp0bvf0CztFqrYGgpGY_x3xRAT43Vm3nsAWpuWOJsrTcEHcobOGEbQcRnH4muXTBNoqKEAg8s8fIAJ7p91aE8UV-GOGPtU2hTnKXTlmpSbzeUhORr3W_tzMGAe3mskEqzmghyvZceEIlExxZXy1jvklaql96JqUHLVqKZh5DlJ2cpd23ou7XqaKeeQoqHbJUx30KyADnvQDxCgq-fzBdsyU7g:1lvQ6C:3xGKT4cJlnXOR6pOsocFiRMVP4_w5omD8C_qXuPZEeg", "expire_date": "2021-07-05T20:00:48.796Z"}}, {"model": "sessions.session", "pk": "ey8d5ygw9x8v64lz36nybevrakaevrr0", "fields": {"session_data": "eyJiYWciOnsiMSI6MSwiNSI6Mn19:1lr0k9:EmXMMfJINj9cD46x8Dr0cLWYeKI5yN4sA4kqbbkmnoA", "expire_date": "2021-06-23T16:07:49.607Z"}}, {"model": "sessions.session", "pk": "f63shvlnlzsnz1ojpfmnx9fhue7ahd82", "fields": {"session_data": ".eJxVjDsOgzAQBe-ydWRpDTa2y_Q5g-XPLpBERsKQBnH3gERDOzPvbVDDj_xYeAK3zCs9wId1GfxaafZjBgcINxZD-lA5RX6H0k8iTWWZxyjORFy2iteU6fu82tvBEOpwrEkZVIiSmIxWbeqi1o3RbDjqgwdlSCZrkYxVzLlrWTYWs4wdt6gbPk5j6MFtoMHhvv8BmIpBQA:1luwxj:FmF8c_lReFa08YtuyluRP1EAOuhEEWeX9zqBUJvTC5I", "expire_date": "2021-07-04T12:54:07.647Z"}}, {"model": "sessions.session", "pk": "kfrun4rmzr4lcu10hn608qltdf3j3c0f", "fields": {"session_data": "e30:1ltxyc:iKP259HvD-vOT1FXByEfX52sRRqu5ziqhQhB_jnfWxQ", "expire_date": "2021-07-01T19:46:58.428Z"}}, {"model": "sessions.session", "pk": "lnom4mab26szuir51h2kg5iaqpq24kub", "fields": {"session_data": "e30:1ltxxv:rzwPbib9E4qLuk7ruHgxiKRmAjr8scI8wBV_OG0r5Wc", "expire_date": "2021-07-01T19:46:15.417Z"}}, {"model": "sessions.session", "pk": "r3fsqodsrra2le8hdtkwzwsqyjugy21h", "fields": {"session_data": "e30:1ltxyA:UAtdWK-TKcNj3Qodgs0k6QQy5nnajdv0HkxUmJ8zxCc", "expire_date": "2021-07-01T19:46:30.765Z"}}, {"model": "sessions.session", "pk": "s0uc6rj4r7nxrkg7ttu8gk0zsir0yn4j", "fields": {"session_data": ".eJxVjk0OwiAUhO_y1g0RWiiwdO8ZCD8PixpqSptomt5darrQzSxmvpnMCsYu82CWgpNJATRQaH49Z_0d8x6Em83Xkfgxz1NyZEfIkRZyGQM-zgf7NzDYMtQ2ckk5pQwjSsE73zshWimijE5U33KJzCtFUSoeY-i7yFpFA3N97Kho4z5asJQ0ZoOvZ5reoE8NOHsFvdbTmjXAvsqrbtsHFIhEdA:1lqxZn:T8lLRZ3xW1B-aHTxrL_QyAXp_UKI0lMpG6gtuyPhtRA", "expire_date": "2021-06-23T12:44:55.176Z"}}, {"model": "sessions.session", "pk": "skwhrpaw458pmpetfkq0nv9gdlwqznbm", "fields": {"session_data": ".eJxVjDsOgzAQBe-ydWRpbWxsl-lzBsufXSCJQMJQIe4OSDS0M_PeBil24DeQ4HF_QYjr0oe10hyGAh4QHizF_KPxEuUbx24SeRqXeUjiSsRtq_hMhf7vu30c9LH255q0RY0oicka3eQ2GaOsYcvJnDxqSzI7h2SdZi5tw1I5LDK13KBRDPsBYpc7GA:1lsWCv:QlCxeI5Pqt3zWarP2wnAxwsLod4NgMnu0ghXKVAFSNk", "expire_date": "2021-06-27T19:55:45.379Z"}}, {"model": "sessions.session", "pk": "v370j8it2esibgtzrvvww28v96r2tgeu", "fields": {"session_data": "eyJiYWciOnsiMiI6MSwiMSI6MX19:1lsWn0:SFpbKhIPz59fINqb-cm4fqu3Ioc5J3cet3SbQwomDGQ", "expire_date": "2021-06-27T20:33:02.872Z"}}, {"model": "sessions.session", "pk": "vy9hjxcgqh454f0sj4z9pate3bqlhsqt", "fields": {"session_data": ".eJxVjUEOgyAQRe8ya2MKCgK79iJkwKGSGmxEkzbGuxcbF-3yvz_z_gYW12Wwa6bZxh4MMKh-mUP_oHQUOI4HrtH7aU1L_b0561xfS6K0RI9LnNLt_PpTDZiH4iGhmGCMUyAlRes7J2WjZFDBycJRKOJea0ZKixD6rg280aznrgstk004pJlyLjOWXs84v8FcKnB4B7MBB8P3_QNh10bK:1lv5CL:c_OgNCgzXa_SKt1tu012ZC-rW358t981nbbEnsXDdqU", "expire_date": "2021-07-04T21:41:45.675Z"}}, {"model": "sessions.session", "pk": "z2lja8ycn9k3rur8a46qe88tj60csroh", "fields": {"session_data": ".eJxVjUEOwiAQRe_C2jQOLRS604uQgc6kxIaaQhON8e5S04Uu__sz77-Ew61Mbsu0ujiKQYA4_TKP4UZpL3Ced9xgCMuWSvO9OercXGqiVGLAEpd0Pb7-VBPmqXpIGVAAkpiMVl3ovdat0WzY68pRGZLBWiBjFfPYdyxbC6P0PXegW96lmXKuM44e97g-xXB-fwCeFEMc:1lnizK:DL-MuPvAuUWJUo1fJJ1vyvDj5JpMyX7pLhVxuVkOTwQ", "expire_date": "2021-06-14T14:33:54.818Z"}}, {"model": "sites.site", "pk": 1, "fields": {"domain": "mphphotographyanddesign.com", "name": "MPH Photography & Design"}}, {"model": "account.emailaddress", "pk": 1, "fields": {"user": 1, "email": "michael.hann@live.co.uk", "verified": false, "primary": false}}, {"model": "account.emailaddress", "pk": 2, "fields": {"user": 1, "email": "michael.hann@someemail.com", "verified": true, "primary": true}}, {"model": "account.emailaddress", "pk": 3, "fields": {"user": 2, "email": "test@test.com", "verified": true, "primary": true}}, {"model": "account.emailaddress", "pk": 4, "fields": {"user": 3, "email": "tester@test.com", "verified": true, "primary": true}}, {"model": "products.category", "pk": 1, "fields": {"name": "landscape"}}, {"model": "products.category", "pk": 2, "fields": {"name": "cityscape"}}, {"model": "products.product", "pk": 1, "fields": {"category": 1, "sku": "1234", "name": "Mournes, NI", "descriptive_name": "Mourne Mountains, NI", "description": "Mourne mountains", "size": "750mm x 300mm", "is_digital": false, "price": "50.00", "image": "mournes.jpeg"}}, {"model": "products.product", "pk": 2, "fields": {"category": 1, "sku": "2345", "name": "North Coast", "descriptive_name": "North Coast, NI", "description": "dhtntrnd bdbr", "size": "750mm x 300mm", "is_digital": false, "price": "45.00", "image": "north_coast.jpeg"}}, {"model": "products.product", "pk": 3, "fields": {"category": 1, "sku": "3456", "name": "Mournes", "descriptive_name": "Mourne Mountains", "description": "bousbrosf", "size": "750mm x 300mm", "is_digital": false, "price": "100.00", "image": "mournes_mJ7znkM.jpeg"}}, {"model": "products.product", "pk": 4, "fields": {"category": 1, "sku": "4567", "name": "North Coast", "descriptive_name": "North Coast, NI", "description": "nsogbo", "size": "750mm x 300mm", "is_digital": false, "price": "100.00", "image": "north_coast_0xAS592.jpeg"}}, {"model": "products.product", "pk": 5, "fields": {"category": 2, "sku": "0987", "name": "New York", "descriptive_name": "New York, USA", "description": "gnobsgs", "size": "750mm x 300mm", "is_digital": false, "price": "50.00", "image": "new_york.jpeg"}}, {"model": "checkout.order", "pk": 12, "fields": {"order_number": "87D58293AF3C4BD1844A7E9765C70056", "user_profile": null, "full_name": "test", "email": "test@test.com", "phone_number": "4445642246", "country": "test", "postcode": null, "town_or_city": "test", "street_address1": "test", "street_address2": null, "county": null, "date": "2021-06-15T21:12:13.643Z", "delivery_cost": "0.00", "order_total": "90.00", "grand_total": "90.00", "original_bag": "", "stripe_pid": ""}}, {"model": "checkout.order", "pk": 13, "fields": {"order_number": "4E6848C48F0C4202938F94780027A27F", "user_profile": null, "full_name": "test", "email": "test@test.com", "phone_number": "45675432", "country": "test", "postcode": null, "town_or_city": "test", "street_address1": "test", "street_address2": null, "county": null, "date": "2021-06-15T21:27:02.711Z", "delivery_cost": "4.50", "order_total": "45.00", "grand_total": "49.50", "original_bag": "", "stripe_pid": ""}}, {"model": "checkout.order", "pk": 14, "fields": {"order_number": "0DAB6598E29143AA8D0CF9D7D8AFF199", "user_profile": null, "full_name": "test", "email": "test@test.com", "phone_number": "9876544567", "country": "test", "postcode": null, "town_or_city": "test", "street_address1": "testt", "street_address2": null, "county": null, "date": "2021-06-15T21:43:47.446Z", "delivery_cost": "5.00", "order_total": "50.00", "grand_total": "55.00", "original_bag": "", "stripe_pid": ""}}, {"model": "checkout.order", "pk": 15, "fields": {"order_number": "ED15D7786E1B46B5A2DF1DE8E374FAAB", "user_profile": null, "full_name": "test", "email": "test@test.com", "phone_number": "12345654357", "country": "GB", "postcode": null, "town_or_city": "test", "street_address1": "test", "street_address2": null, "county": null, "date": "2021-06-16T14:21:24.185Z", "delivery_cost": "4.50", "order_total": "45.00", "grand_total": "49.50", "original_bag": "", "stripe_pid": ""}}, {"model": "checkout.order", "pk": 16, "fields": {"order_number": "0D56B0DD024849CB9887244852BD6254", "user_profile": null, "full_name": "test", "email": "test@test.com", "phone_number": "01579431", "country": "GB", "postcode": null, "town_or_city": "test", "street_address1": "test", "street_address2": null, "county": null, "date": "2021-06-16T14:36:11.612Z", "delivery_cost": "5.00", "order_total": "50.00", "grand_total": "55.00", "original_bag": "", "stripe_pid": ""}}, {"model": "checkout.order", "pk": 17, "fields": {"order_number": "06BA69853327413DA1924E1B11089720", "user_profile": null, "full_name": "test", "email": "test@test.com", "phone_number": "94739735", "country": "GB", "postcode": null, "town_or_city": "test", "street_address1": "test", "street_address2": null, "county": null, "date": "2021-06-16T19:27:45.570Z", "delivery_cost": "5.00", "order_total": "50.00", "grand_total": "55.00", "original_bag": "{\"5\": 1}", "stripe_pid": "pi_1J34NvJ1iwsklVWMkE4hnqFH"}}, {"model": "checkout.order", "pk": 18, "fields": {"order_number": "E26A8CC0BCA44A8F8105BDCD089A1873", "user_profile": null, "full_name": "test", "email": "test@test.com", "phone_number": "0979429553", "country": "GB", "postcode": null, "town_or_city": "test", "street_address1": "test", "street_address2": null, "county": null, "date": "2021-06-16T19:29:52.829Z", "delivery_cost": "5.00", "order_total": "50.00", "grand_total": "55.00", "original_bag": "{\"1\": 1}", "stripe_pid": "pi_1J34QVJ1iwsklVWMc8vM3Yz6"}}, {"model": "checkout.order", "pk": 19, "fields": {"order_number": "D378EAB74C9C418B9A6AF7134E56B501", "user_profile": null, "full_name": "test", "email": "test@test.com", "phone_number": "0987639479", "country": "GB", "postcode": null, "town_or_city": "test", "street_address1": "test", "street_address2": null, "county": null, "date": "2021-06-16T19:36:27.099Z", "delivery_cost": "4.50", "order_total": "45.00", "grand_total": "49.50", "original_bag": "{\"2\": 1}", "stripe_pid": "pi_1J34WsJ1iwsklVWM3mA6sWFQ"}}, {"model": "checkout.order", "pk": 20, "fields": {"order_number": "E4EE28E56D074401B3FC4492EFAF88CB", "user_profile": null, "full_name": "test", "email": "test@test.com", "phone_number": "0947209732", "country": "GB", "postcode": null, "town_or_city": "test", "street_address1": "test", "street_address2": null, "county": null, "date": "2021-06-16T19:40:32.653Z", "delivery_cost": "0.00", "order_total": "100.00", "grand_total": "100.00", "original_bag": "{\"3\": 1}", "stripe_pid": "pi_1J34apJ1iwsklVWM5GMIe2jC"}}, {"model": "checkout.order", "pk": 21, "fields": {"order_number": "9F6859B8F8004EF4A126EAE9B0E52197", "user_profile": null, "full_name": "test", "email": "test@test.com", "phone_number": "456087543", "country": "GB", "postcode": null, "town_or_city": "test", "street_address1": "test", "street_address2": null, "county": null, "date": "2021-06-16T19:52:18.830Z", "delivery_cost": "4.50", "order_total": "45.00", "grand_total": "49.50", "original_bag": "{\"2\": 1}", "stripe_pid": "pi_1J34mDJ1iwsklVWMoaCpyMpm"}}, {"model": "checkout.order", "pk": 22, "fields": {"order_number": "27A230831BCC40AEBF9A50F86985112B", "user_profile": null, "full_name": "test", "email": "test@test.com", "phone_number": "08807952453", "country": "GB", "postcode": null, "town_or_city": "test", "street_address1": "test", "street_address2": null, "county": null, "date": "2021-06-16T20:02:07.326Z", "delivery_cost": "5.00", "order_total": "50.00", "grand_total": "55.00", "original_bag": "{\"1\": 1}", "stripe_pid": "pi_1J34vhJ1iwsklVWM9sbXW73N"}}, {"model": "checkout.order", "pk": 23, "fields": {"order_number": "9B98249F2162499482C42B8C545FB810", "user_profile": null, "full_name": "test", "email": "test@test.com", "phone_number": "0820763524", "country": "GB", "postcode": null, "town_or_city": "test", "street_address1": "test", "street_address2": null, "county": null, "date": "2021-06-16T20:04:15.126Z", "delivery_cost": "0.00", "order_total": "100.00", "grand_total": "100.00", "original_bag": "{\"3\": 1}", "stripe_pid": "pi_1J34xmJ1iwsklVWME55Y0fwh"}}, {"model": "checkout.order", "pk": 24, "fields": {"order_number": "E7B16C928F76419699D6E0A96F08A27B", "user_profile": null, "full_name": "test", "email": "test@test.com", "phone_number": "45363564", "country": "GB", "postcode": null, "town_or_city": "test", "street_address1": "test", "street_address2": null, "county": null, "date": "2021-06-16T20:23:36.163Z", "delivery_cost": "0.00", "order_total": "100.00", "grand_total": "100.00", "original_bag": "{\"3\": 1}", "stripe_pid": "pi_1J35GWJ1iwsklVWMIejA6N7s"}}, {"model": "checkout.order", "pk": 25, "fields": {"order_number": "948A4A896FD14E8C90D18E9EF063542C", "user_profile": null, "full_name": "test", "email": "test@test.com", "phone_number": "0247025842", "country": "GB", "postcode": null, "town_or_city": "test", "street_address1": "test", "street_address2": null, "county": null, "date": "2021-06-16T20:31:56.088Z", "delivery_cost": "5.00", "order_total": "50.00", "grand_total": "55.00", "original_bag": "{\"1\": 1}", "stripe_pid": "pi_1J35OZJ1iwsklVWMTr8N407M"}}, {"model": "checkout.order", "pk": 26, "fields": {"order_number": "9F126C78EE9E47C89A2AAF349D7D951B", "user_profile": null, "full_name": "test", "email": "test@test.com", "phone_number": "08764457", "country": "GB", "postcode": null, "town_or_city": "test", "street_address1": "test", "street_address2": null, "county": null, "date": "2021-06-16T20:40:45.433Z", "delivery_cost": "4.50", "order_total": "45.00", "grand_total": "49.50", "original_bag": "{\"2\": 1}", "stripe_pid": "pi_1J35X6J1iwsklVWM4skzbM8x"}}, {"model": "checkout.order", "pk": 27, "fields": {"order_number": "2197D9FE456B49F4BC5669949D3095BD", "user_profile": null, "full_name": "test", "email": "test@test.com", "phone_number": "07784462802", "country": "GB", "postcode": null, "town_or_city": "test", "street_address1": "test", "street_address2": null, "county": null, "date": "2021-06-16T20:48:45.865Z", "delivery_cost": "5.00", "order_total": "50.00", "grand_total": "55.00", "original_bag": "{\"1\": 1}", "stripe_pid": "pi_1J35eoJ1iwsklVWMNxlQzEEU"}}, {"model": "checkout.order", "pk": 28, "fields": {"order_number": "A7693C68DCC94C37A6E94D55BCC23001", "user_profile": null, "full_name": "test", "email": "test@test.com", "phone_number": "087634734345", "country": "GB", "postcode": null, "town_or_city": "test", "street_address1": "test", "street_address2": null, "county": null, "date": "2021-06-16T20:50:58.574Z", "delivery_cost": "0.00", "order_total": "100.00", "grand_total": "100.00", "original_bag": "{\"3\": 1}", "stripe_pid": "pi_1J35h0J1iwsklVWM8i7b0lOe"}}, {"model": "checkout.order", "pk": 29, "fields": {"order_number": "D1B05329AF4C4F5D888492F5CD277724", "user_profile": null, "full_name": "test", "email": "test@test.com", "phone_number": "0734060842", "country": "GB", "postcode": null, "town_or_city": "test", "street_address1": "test", "street_address2": null, "county": null, "date": "2021-06-16T21:08:27.417Z", "delivery_cost": "5.00", "order_total": "50.00", "grand_total": "55.00", "original_bag": "{\"5\": 1}", "stripe_pid": "pi_1J35xuJ1iwsklVWMLlToi4rT"}}, {"model": "checkout.order", "pk": 30, "fields": {"order_number": "4CA8006CA30B4FD19545E95B94B03707", "user_profile": null, "full_name": "test", "email": "test@test.com", "phone_number": "0806286234", "country": "GB", "postcode": null, "town_or_city": "test", "street_address1": "test", "street_address2": null, "county": null, "date": "2021-06-16T21:38:47.499Z", "delivery_cost": "5.00", "order_total": "50.00", "grand_total": "55.00", "original_bag": "{\"1\": 1}", "stripe_pid": "pi_1J36RDJ1iwsklVWMjBkhmvjh"}}, {"model": "checkout.order", "pk": 31, "fields": {"order_number": "1DE04E0EBDE34C9EA2E3394D04BE6982", "user_profile": null, "full_name": "test1", "email": "test@test.com", "phone_number": "01234567", "country": "GB", "postcode": null, "town_or_city": "test", "street_address1": "test", "street_address2": null, "county": null, "date": "2021-06-16T21:43:18.025Z", "delivery_cost": "4.50", "order_total": "45.00", "grand_total": "49.50", "original_bag": "{\"2\": 1}", "stripe_pid": "pi_1J36VXJ1iwsklVWMymhSh22C"}}, {"model": "checkout.order", "pk": 32, "fields": {"order_number": "1789741ED6824E75B6796E0A10612C1A", "user_profile": null, "full_name": "test2", "email": "test@test.com", "phone_number": "09876543", "country": "GB", "postcode": null, "town_or_city": "test", "street_address1": "test", "street_address2": null, "county": null, "date": "2021-06-16T21:47:36.395Z", "delivery_cost": "0.00", "order_total": "100.00", "grand_total": "100.00", "original_bag": "{\"3\": 1}", "stripe_pid": "pi_1J36ZWJ1iwsklVWMlXqPGdgc"}}, {"model": "checkout.order", "pk": 33, "fields": {"order_number": "B396BD3CB2FD45C9B017B519AE74B0E0", "user_profile": null, "full_name": "test", "email": "test@test.com", "phone_number": "07869639465", "country": "GB", "postcode": null, "town_or_city": "test", "street_address1": "test", "street_address2": null, "county": null, "date": "2021-06-20T08:44:45.711Z", "delivery_cost": "5.00", "order_total": "50.00", "grand_total": "55.00", "original_bag": "{\"5\": 1}", "stripe_pid": "pi_1J4MEGJ1iwsklVWM8MXIB0ep"}}, {"model": "checkout.order", "pk": 34, "fields": {"order_number": "E2135BC373BA4E82953F694CC8389412", "user_profile": 1, "full_name": "test", "email": "test@test.com", "phone_number": "07869639465", "country": "GB", "postcode": null, "town_or_city": "test", "street_address1": "test", "street_address2": null, "county": null, "date": "2021-06-20T08:45:35.574Z", "delivery_cost": "5.00", "order_total": "50.00", "grand_total": "55.00", "original_bag": "{\"5\": 1}", "stripe_pid": "pi_1J4MHKJ1iwsklVWMVYzB5v8O"}}, {"model": "checkout.order", "pk": 35, "fields": {"order_number": "A118154CB1CD49E68DC78984E0BC08FF", "user_profile": 1, "full_name": "Michael Hann", "email": "michael.hann@live.co.uk", "phone_number": "07869639465", "country": "GB", "postcode": null, "town_or_city": "test", "street_address1": "test", "street_address2": null, "county": null, "date": "2021-06-20T09:21:32.882Z", "delivery_cost": "5.00", "order_total": "50.00", "grand_total": "55.00", "original_bag": "{\"5\": 1}", "stripe_pid": "pi_1J4MpfJ1iwsklVWMVz4rR9NQ"}}, {"model": "checkout.order", "pk": 36, "fields": {"order_number": "176ACC9B16EF428CA578DD00C56358CF", "user_profile": 1, "full_name": "Michael Hann", "email": "michael.hann@live.co.uk", "phone_number": "07869639465", "country": "GB", "postcode": null, "town_or_city": "test", "street_address1": "test", "street_address2": null, "county": null, "date": "2021-06-20T09:43:04.125Z", "delivery_cost": "5.00", "order_total": "50.00", "grand_total": "55.00", "original_bag": "{\"5\": 1}", "stripe_pid": "pi_1J4NAxJ1iwsklVWMs3ejRtdT"}}, {"model": "checkout.order", "pk": 37, "fields": {"order_number": "F4FBAD60A03A46D7B5D5395550873F31", "user_profile": 1, "full_name": "Michael Hann", "email": "michael.hann@live.co.uk", "phone_number": "07869639465", "country": "GB", "postcode": null, "town_or_city": "test", "street_address1": "test", "street_address2": null, "county": null, "date": "2021-06-20T19:51:48.394Z", "delivery_cost": "5.00", "order_total": "50.00", "grand_total": "55.00", "original_bag": "{\"1\": 1}", "stripe_pid": "pi_1J4Wg2J1iwsklVWM587HolVC"}}, {"model": "checkout.orderlineitem", "pk": 12, "fields": {"order": 12, "product": 2, "quantity": 2, "lineitem_total": "90.00"}}, {"model": "checkout.orderlineitem", "pk": 13, "fields": {"order": 13, "product": 2, "quantity": 1, "lineitem_total": "45.00"}}, {"model": "checkout.orderlineitem", "pk": 14, "fields": {"order": 14, "product": 5, "quantity": 1, "lineitem_total": "50.00"}}, {"model": "checkout.orderlineitem", "pk": 15, "fields": {"order": 15, "product": 2, "quantity": 1, "lineitem_total": "45.00"}}, {"model": "checkout.orderlineitem", "pk": 16, "fields": {"order": 16, "product": 5, "quantity": 1, "lineitem_total": "50.00"}}, {"model": "checkout.orderlineitem", "pk": 17, "fields": {"order": 17, "product": 5, "quantity": 1, "lineitem_total": "50.00"}}, {"model": "checkout.orderlineitem", "pk": 18, "fields": {"order": 18, "product": 1, "quantity": 1, "lineitem_total": "50.00"}}, {"model": "checkout.orderlineitem", "pk": 19, "fields": {"order": 19, "product": 2, "quantity": 1, "lineitem_total": "45.00"}}, {"model": "checkout.orderlineitem", "pk": 20, "fields": {"order": 20, "product": 3, "quantity": 1, "lineitem_total": "100.00"}}, {"model": "checkout.orderlineitem", "pk": 21, "fields": {"order": 21, "product": 2, "quantity": 1, "lineitem_total": "45.00"}}, {"model": "checkout.orderlineitem", "pk": 22, "fields": {"order": 22, "product": 1, "quantity": 1, "lineitem_total": "50.00"}}, {"model": "checkout.orderlineitem", "pk": 23, "fields": {"order": 23, "product": 3, "quantity": 1, "lineitem_total": "100.00"}}, {"model": "checkout.orderlineitem", "pk": 24, "fields": {"order": 24, "product": 3, "quantity": 1, "lineitem_total": "100.00"}}, {"model": "checkout.orderlineitem", "pk": 25, "fields": {"order": 25, "product": 1, "quantity": 1, "lineitem_total": "50.00"}}, {"model": "checkout.orderlineitem", "pk": 26, "fields": {"order": 26, "product": 2, "quantity": 1, "lineitem_total": "45.00"}}, {"model": "checkout.orderlineitem", "pk": 27, "fields": {"order": 27, "product": 1, "quantity": 1, "lineitem_total": "50.00"}}, {"model": "checkout.orderlineitem", "pk": 28, "fields": {"order": 28, "product": 3, "quantity": 1, "lineitem_total": "100.00"}}, {"model": "checkout.orderlineitem", "pk": 29, "fields": {"order": 29, "product": 5, "quantity": 1, "lineitem_total": "50.00"}}, {"model": "checkout.orderlineitem", "pk": 30, "fields": {"order": 30, "product": 1, "quantity": 1, "lineitem_total": "50.00"}}, {"model": "checkout.orderlineitem", "pk": 31, "fields": {"order": 31, "product": 2, "quantity": 1, "lineitem_total": "45.00"}}, {"model": "checkout.orderlineitem", "pk": 32, "fields": {"order": 32, "product": 3, "quantity": 1, "lineitem_total": "100.00"}}, {"model": "checkout.orderlineitem", "pk": 33, "fields": {"order": 33, "product": 5, "quantity": 1, "lineitem_total": "50.00"}}, {"model": "checkout.orderlineitem", "pk": 34, "fields": {"order": 34, "product": 5, "quantity": 1, "lineitem_total": "50.00"}}, {"model": "checkout.orderlineitem", "pk": 35, "fields": {"order": 35, "product": 5, "quantity": 1, "lineitem_total": "50.00"}}, {"model": "checkout.orderlineitem", "pk": 36, "fields": {"order": 36, "product": 5, "quantity": 1, "lineitem_total": "50.00"}}, {"model": "checkout.orderlineitem", "pk": 37, "fields": {"order": 37, "product": 1, "quantity": 1, "lineitem_total": "50.00"}}, {"model": "profiles.userprofile", "pk": 1, "fields": {"user": 1, "default_phone_number": "07869639465", "default_street_address1": "test", "default_street_address2": null, "default_town_or_city": "test", "default_county": null, "default_postcode": null, "default_country": "GB"}}, {"model": "profiles.userprofile", "pk": 2, "fields": {"user": 2, "default_phone_number": null, "default_street_address1": null, "default_street_address2": null, "default_town_or_city": null, "default_county": null, "default_postcode": null, "default_country": null}}, {"model": "profiles.userprofile", "pk": 3, "fields": {"user": 3, "default_phone_number": null, "default_street_address1": null, "default_street_address2": null, "default_town_or_city": null, "default_county": null, "default_postcode": null, "default_country": null}}]